"image_id","sort"
"71","5"
"106","5"
"132","3"
"225","5"
"283","5"
"376","6"
"449","2"
"521","2"
"580","2"
"596","6"
"759","5"
"821","1"
"841","5"
"843","5"
"845","5"
"862","1"
"946","1"
"1164","5"
"1313","5"
"1339","5"
"1351","6"
"1441","5"
"1442","5"
"1463","5"
"1475","5"
"1493","5"
"1590","3"
"1621","5"
"1649","2"
"1677","5"
"1740","3"
"1744","5"
"1787","5"
"1855","3"
"1912","3"
"1919","3"
"1930","3"
"2071","5"
"2155","5"
"2163","2"
"2190","2"
"2206","5"
"2255","2"
"2276","3"
"2280","2"
"2303","4"
"2324","5"
"2369","3"
"2370","2"
"2558","5"
"2649","2"
"2659","3"
"2683","2"
"2695","3"
"2705","2"
"2724","3"
"2748","2"
"2762","2"
"3028","3"
"3040","1"
"3114","6"
"3142","1"
"3158","4"
"3196","4"
"3199","5"
"3215","1"
"3272","1"
"3289","6"
"3336","4"
"3362","3"
"3387","2"
"3409","5"
"3429","1"
"3460","1"
"3544","5"
"3550","1"
"3579","5"
"3634","5"
"3726","1"
"3842","3"
"3874","3"
"4209","5"
"4296","1"
"4307","2"
"4310","5"
"4406","5"
"4621","5"
"4680","3"
"4825","6"
"4834","6"
"4845","3"
"4867","5"
"4967","6"
"5139","3"
"5151","3"
"5188","3"
"5297","3"
"5298","3"
"5400","5"
"5463","5"
"5516","5"
"5579","5"
"5693","4"
"5772","4"
"5789","1"
"5817","3"
"5949","3"
"6015","4"
"6144","6"
"6145","2"
"6230","2"
"6240","1"
"6270","2"
"6291","4"
"6310","4"
"6324","2"
"6355","4"
"6358","6"
"6379","5"
"6541","6"
"6555","2"
"6564","6"
"6631","3"
"6633","3"
"6820","5"
"6897","6"
"6968","6"
"7061","5"
"7103","6"
"7199","5"
"7263","3"
"7416","6"
"7437","5"
"7488","5"
"7519","5"
"7593","6"
"7620","5"
"7685","5"
"7701","5"
"7734","4"
"7744","1"
"7752","6"
"7876","5"
"7909","5"
"7918","5"
"7931","5"
"7955","5"
"7967","1"
"7982","1"
"7987","5"
"8107","5"
"8117","1"
"8218","5"
"8237","1"
"8266","1"
"8274","5"
"8286","1"
"8508","6"
"8520","2"
"8624","5"
"8635","5"
"8645","5"
"8705","2"
"8707","2"
"8713","2"
"8799","5"
"8859","6"
"8861","2"
"8879","4"
"8906","4"
"8948","5"
"8976","5"
"8995","5"
"9001","4"
"9003","3"
"9019","4"
"9029","5"
"9089","4"
"9170","3"
"9237","2"
"9345","5"
"9418","4"
"9428","4"
"9482","5"
"9496","5"
"9520","3"
"9531","2"
"9538","5"
"9543","4"
"9578","5"
"9586","5"
"9636","5"
"9643","5"
"9658","5"
"9663","4"
"9671","6"
"9690","3"
"9732","6"
"9744","4"
"9753","4"
"9756","3"
"9783","4"
"9797","2"
"9806","3"
"9811","2"
"9857","4"
"9868","3"
"9911","3"
"9938","5"
"9993","3"
"9999","1"
"10021","4"
"10045","5"
"10106","3"
"10133","3"
"10160","4"
"10188","6"
"10213","3"
"10243","3"
"10289","4"
"10332","4"
"10401","3"
"10406","5"
"10425","3"
"10495","5"
"10549","2"
"10653","5"
"10679","4"
"10746","4"
"10772","4"
"10789","2"
"10827","4"
"10838","4"
"10908","4"
"10946","4"
"10958","4"
"10966","4"
"11033","4"
"11187","5"
"11267","2"
"11363","2"
"11391","5"
"11505","2"
"11569","3"
"11599","5"
"11651","2"
"11653","2"
"11813","4"
"11894","2"
"12004","3"
"12268","2"
"12302","4"
"12306","2"
"12331","5"
"12346","5"
"12423","3"
"12496","5"
"12533","5"
"12568","6"
"12605","5"
"12713","3"
"12728","3"
"12886","3"
"12930","3"
"12951","5"
"13285","5"
"13304","5"
"13316","5"
"13318","4"
"13335","2"
"13341","5"
"13357","2"
"13464","5"
"13470","4"
"13536","2"
"13565","2"
"13589","2"
"13650","2"
"13651","2"
"13677","2"
"13678","2"
"13723","4"
"13740","4"
"13760","5"
"13785","2"
"13825","2"
"13873","2"
"13878","2"
"13882","6"
"13895","6"
"13903","2"
"13948","6"
"13977","2"
"14421","2"
"14434","2"
"14446","2"
"14518","4"
"14605","3"
"14607","5"
"14632","4"
"14703","5"
"14790","2"
"14852","5"
"14917","2"
"14942","2"
"14946","2"
"14949","5"
"15360","2"
"15387","1"
"15641","2"
"15714","4"
"15827","3"
"15924","1"
"15942","2"
"15978","5"
"16176","2"
"16335","5"
"16348","6"
"16497","5"
"16505","5"
"16571","5"
"16601","5"
"16658","2"
"16728","2"
"16732","2"
"16852","3"
"16914","5"
"17291","5"
"17413","2"
"17569","5"
"17625","4"
"17690","5"
"17703","4"
"17842","5"
"17867","6"
"17871","5"
"17903","2"
"17922","5"
"17940","5"
"17950","4"
"17951","3"
"18087","6"
"18116","2"
"18140","2"
"18155","4"
"18160","5"
"18187","4"
"18222","5"
"18261","3"
"18386","5"
"18447","5"
"18536","5"
"18680","5"
"18715","5"
"18759","5"
"18870","6"
"19306","4"
"19503","2"
"19723","3"
"19773","5"
"19783","2"
"19906","6"
"19910","2"
"19923","5"
"19991","2"
"20111","2"
"20342","2"
"20389","2"
"20458","5"
"20573","2"
"20588","6"
"20702","5"
"20765","5"
"20850","2"
"20908","2"
"20998","5"
"21004","5"
"21103","5"
"21121","5"
"21384","5"
"21409","5"
"21424","5"
"21843","5"
"22135","5"
"22222","5"
"22228","5"
"22284","3"
"22305","2"
"22371","5"
"22402","5"
"22616","2"
"22688","6"
"22700","3"
"22984","4"
"23014","5"
"23036","6"
"23056","4"
"23317","5"
"23335","5"
"23379","3"
"23994","3"
"24228","5"
"24315","3"
"24368","4"
"24371","5"
"24922","3"
"24950","4"
"24969","4"
"25127","3"
"25174","2"
"25278","3"
"25289","3"
"25425","2"
"25430","4"
"25832","2"
"25850","4"
"25942","4"
"26079","3"
"26221","2"
"26638","5"
"26729","3"
"26851","2"
"27049","5"
"27089","2"
"27578","2"
"27626","3"
"27669","3"
"27694","3"
"27713","2"
"27732","2"
"27738","2"
"27770","5"
"27839","5"
"27977","3"
"27984","3"
"28116","3"
"28208","1"
"28346","2"
"28449","1"
"28529","5"
"28584","2"
"28615","3"
"28672","1"
"28978","5"
"29019","2"
"29032","1"
"29131","2"
"29164","5"
"29622","2"
"29679","3"
"29894","5"
"30072","3"
"30111","3"
"30260","5"
"30339","5"
"30358","3"
"30593","1"
"30710","1"
"30744","3"
"30890","6"
"30929","1"
"30956","1"
"30999","1"
"31044","1"
"31086","4"
"31245","4"
"31480","3"
"31787","1"
"31842","3"
"31858","3"
"31892","3"
"31894","2"
"31952","5"
"32025","4"
"32168","2"
"32218","6"
"32325","2"
"32783","3"
"33045","4"
"33184","5"
"33223","4"
"33371","4"
"33448","6"
"33587","2"
"33653","5"
"33756","1"
"33828","6"
"33931","4"
"34000","3"
"34015","5"
"34023","4"
"34135","2"
"34264","3"
"34301","4"
"34362","2"
"34365","5"
"34385","1"
"34440","3"
"34474","3"
"34496","4"
"34578","5"
"34837","6"
"35018","2"
"35160","5"
"35244","5"
"35456","5"
"35519","5"
"35571","3"
"35760","4"
"35763","5"
"35899","5"
"35900","2"
"35911","2"
"35946","5"
"36020","1"
"36429","1"
"36459","1"
"36470","1"
"36471","1"
"36560","2"
"36672","1"
"36754","1"
"36796","1"
"36806","1"
"36873","5"
"36877","1"
"37028","5"
"37041","3"
"37135","2"
"37432","1"
"37444","2"
"37525","3"
"37563","3"
"37651","4"
"38283","1"
"38343","1"
"38396","5"
"38476","1"
"38665","1"
"38721","1"
"38723","1"
"38860","5"
"38963","1"
"39009","1"
"39096","1"
"39121","3"
"39133","1"
"39170","1"
"39185","1"
"39215","3"
"39236","3"
"39348","1"
"39373","1"
"39378","1"
"39388","5"
"39404","3"
"39423","1"
"39640","4"
"39802","3"
"39877","3"
"40045","1"
"40160","5"
"40496","2"
"40500","2"
"40540","2"
"40736","2"
"40780","3"
"40784","3"
"40792","2"
"40800","4"
"40833","4"
"40888","2"
"41218","2"
"41270","2"
"41346","4"
"41389","2"
"41399","2"
"41404","2"
"42016","4"
"42027","4"
"42033","1"
"42035","3"
"42042","6"
"42313","3"
"42335","5"
"42411","6"
"42429","5"
"42462","5"
"42533","3"
"42592","1"
"42659","1"
"42666","5"
"42865","4"
"42873","5"
"42886","4"
"42969","6"
"43002","5"
"43030","4"
"43053","4"
"43093","4"
"43187","2"
"43231","2"
"43303","4"
"43785","2"
"43909","5"
"43950","5"
"43970","5"
"44232","1"
"44275","6"
"44303","4"
"44318","4"
"44374","5"
"44382","3"
"44619","4"
"44701","1"
"44722","5"
"44731","5"
"44907","2"
"44981","4"
"44999","5"
"45101","2"
"45136","6"
"45346","6"
"45451","5"
"45550","5"
"45608","5"
"45698","2"
"45828","3"
"45877","4"
"46022","2"
"46087","2"
"46244","4"
"46515","2"
"46521","4"
"46605","2"
"46615","5"
"46652","4"
"46675","5"
"47253","5"
"47350","1"
"47357","3"
"47460","2"
"47982","5"
"48199","3"
"48585","3"
"48839","3"
"48917","6"
"49033","3"
"49107","4"
"49154","1"
"49368","2"
"49397","5"
"49727","5"
"49804","2"
"49826","4"
"49977","2"
"50025","4"
"50198","1"
"50211","4"
"50224","5"
"50467","4"
"50545","4"
"50598","4"
"50607","2"
"50611","4"
"50654","6"
"50744","4"
"50799","2"
"50872","4"
"50877","2"
"50884","1"
"50909","1"
"51039","6"
"51067","6"
"51130","2"
"51170","2"
"51199","6"
"51473","5"
"51504","2"
"51582","5"
"51719","1"
"51826","1"
"51913","4"
"51980","5"
"52038","3"
"52122","1"
"52235","2"
"52478","1"
"52599","5"
"52792","2"
"52879","5"
"52937","5"
"52998","1"
"53073","3"
"53442","2"
"53525","1"
"53734","3"
"53758","3"
"53986","4"
"54184","2"
"54201","2"
"54324","2"
"54336","5"
"54458","2"
"54514","3"
"54542","2"
"54599","4"
"54614","6"
"54717","2"
"54773","2"
"54774","2"
"54920","3"
"55012","5"
"55078","1"
"55242","1"
"55420","1"
"55483","3"
"55522","1"
"55530","2"
"55541","1"
"55574","1"
"55587","1"
"55640","1"
"55670","2"
"55683","4"
"55729","2"
"55742","2"
"55757","1"
"55771","1"
"55986","2"
"56053","2"
"56468","4"
"56702","1"
"57023","5"
"57203","1"
"57751","1"
"57843","3"
"57875","5"
"58416","5"
"58453","5"
"58524","1"
"58894","5"
"59127","5"
"59484","4"
"59722","4"
"60097","5"
"60283","5"
"60392","5"
"60416","5"
"60459","4"
"60491","4"
"60505","4"
"60515","1"
"60524","5"
"60587","4"
"60588","1"
"60745","5"
"60879","5"
"60921","5"
"60932","5"
"60978","5"
"61144","3"
"61719","2"
"61744","1"
"61864","1"
"61912","4"
"61924","1"
"62081","1"
"62119","4"
"62140","3"
"62371","5"
"62546","5"
"62561","4"
"62572","4"
"62594","4"
"62761","4"
"63028","3"
"63265","4"
"63453","3"
"63573","2"
"63588","2"
"63621","2"
"63633","1"
"63714","5"
"63729","1"
"63735","2"
"63802","3"
"63869","1"
"63888","3"
"64035","4"
"64085","2"
"64180","3"
"64270","1"
"64353","3"
"64384","4"
"64394","5"
"64500","3"
"64507","2"
"64527","3"
"64533","5"
"64577","3"
"64593","3"
"64656","6"
"64665","2"
"64679","3"
"64725","2"
"64761","4"
"64833","6"
"64847","2"
"64925","2"
"64947","2"
"64975","2"
"65116","2"
"65209","1"
"65221","1"
"65257","2"
"65321","5"
"65327","5"
"65510","3"
"65555","5"
"65619","5"
"65667","3"
"65700","4"
"65725","1"
"65768","5"
"65849","2"
"65858","5"
"65867","3"
"65911","2"
"65963","2"
"65970","3"
"66108","2"
"66158","5"
"66252","2"
"66342","5"
"66514","5"
"66692","4"
"66696","5"
"66917","1"
"66971","1"
"66984","3"
"66991","3"
"67207","5"
"67270","3"
"67323","5"
"67365","4"
"67390","3"
"67412","1"
"67452","4"
"67575","3"
"67637","5"
"67658","3"
"68127","4"
"68212","5"
"68250","5"
"68252","5"
"68544","6"
"68624","6"
"69233","2"
"69556","5"
"69653","1"
"69911","5"
"70123","6"
"70169","3"
"70281","4"
"70282","3"
"70302","1"
"70503","4"
"70507","3"
"70566","3"
"70626","4"
"70665","6"
"70684","4"
"70724","1"
"70815","1"
"70921","4"
"70952","3"
"70997","4"
"71085","5"
"71124","2"
"71232","3"
"71657","5"
"71717","4"
"71957","4"
"71993","4"
"72134","4"
"72155","2"
"72164","2"
"72319","1"
"72578","4"
"72637","4"
"72664","4"
"72787","2"
"72796","5"
"72834","6"
"72898","5"
"73186","1"
"73316","5"
"73851","5"
"73872","5"
"74434","2"
"74613","1"
"74979","1"
"75305","4"
"75369","4"
"75416","3"
"75490","3"
"75549","5"
"75761","5"
"76081","5"
"76104","2"
"76251","5"
"76253","1"
"76577","1"
"76614","4"
"76702","1"
"76743","1"
"76980","1"
"77028","3"
"77055","5"
"77138","3"
"77157","5"
"77359","5"
"77373","2"
"77486","3"
"77493","3"
"78533","4"
"78661","1"
"78742","2"
"78785","1"
"78800","2"
"78859","1"
"79099","2"
"79122","3"
"79237","1"
"79290","3"
"79346","4"
"79720","5"
"79829","1"
"80122","4"
"80529","4"
"80779","2"
"81045","1"
"81053","4"
"81069","4"
"81132","4"
"81216","3"
"81243","4"
"81591","4"
"81606","2"
"81723","2"
"81799","2"
"81824","2"
"82260","1"
"82347","3"
"82362","6"
"82736","2"
"82812","2"
"83036","4"
"83054","2"
"83469","5"
"83481","2"
"83539","3"
"83546","2"
"83614","2"
"83650","3"
"83733","3"
"83748","2"
"83874","2"
"83970","2"
"83976","5"
"84008","2"
"84092","6"
"84188","5"
"84383","2"
"84485","3"
"84688","2"
"84807","1"
"84821","4"
"84823","5"
"85021","2"
"85052","1"
"85059","5"
"85268","2"
"85316","1"
"85329","3"
"85623","3"
"85938","3"
"85970","3"
"86096","2"
"86099","3"
"86167","3"
"86213","3"
"86392","6"
"86409","3"
"86415","2"
"86456","4"
"86463","1"
"86519","1"
"86577","1"
"86625","1"
"86635","2"
"86638","1"
"86704","4"
"86836","5"
"87011","4"
"87023","2"
"87103","6"
"87105","2"
"88075","3"
"88213","1"
"88246","2"
"88469","3"
"88934","1"
"89008","5"
"89227","5"
"89229","6"
"89403","5"
"89750","6"
"90250","1"
"90258","5"
"90361","4"
"90452","3"
"90454","5"
"91022","2"
"91028","2"
"91361","5"
"91666","5"
"91917","5"
"92033","4"
"92107","1"
"92113","2"
"92421","5"
"92669","5"
"92678","5"
"92896","5"
"93597","4"
"93618","5"
"93715","5"
"93797","1"
"93807","5"
"93887","5"
"93920","5"
"94564","1"
"94739","1"
"94788","6"
"94859","5"
"94924","5"
"94928","1"
"95043","2"
"95079","2"
"95081","5"
"95177","1"
"95183","1"
"95280","4"
"95318","1"
"95600","1"
"95626","3"
"95629","5"
"95650","1"
"96064","5"
"96222","4"
"96293","3"
"96408","4"
"96619","6"
"96640","4"
"96702","2"
"96795","2"
"96808","4"
"96851","4"
"96972","2"
"96991","2"
"97306","4"
"97550","5"
"97566","2"
"97675","2"
"97807","2"
"97984","5"
"98007","5"
"98281","2"
"98292","5"
"98528","3"
"98721","3"
"98908","3"
"99416","3"
"99711","3"
"99725","3"
"100397","6"
"100576","3"
"100856","3"
"101495","2"
"101520","4"
"101675","2"
"101683","4"
"101801","4"
"101862","6"
"101914","5"
"101995","4"
"102177","3"
"102284","2"
"102350","2"
"102518","2"
"102676","2"
"102695","2"
"102807","5"
"103052","4"
"103063","2"
"103072","2"
"103253","3"
"103543","2"
"103788","5"
"103943","2"
"103981","5"
"104590","3"
"104691","2"
"104844","3"
"104935","3"
"105034","3"
"105038","3"
"105054","2"
"105190","4"
"105237","3"
"106114","3"
"106154","3"
"106183","3"
"106298","3"
"106315","5"
"106355","3"
"106488","4"
"106707","4"
"106752","5"
"106948","3"
"107292","5"
"107387","3"
"107397","4"
"107747","2"
"107893","2"
"107902","2"
"107995","3"
"108276","4"
"108767","4"
"108843","4"
"108897","3"
"108991","4"
"108992","4"
"109019","3"
"109439","1"
"109501","2"
"109944","5"
"110069","5"
"110121","6"
"110478","5"
"110898","3"
"111389","3"
"111481","3"
"111574","3"
"111851","3"
"112137","5"
"112268","3"
"112357","4"
"112845","2"
"112988","2"
"113167","2"
"113305","2"
"113334","4"
"113348","2"
"113386","2"
"113504","4"
"113581","2"
"113618","2"
"113640","2"
"113892","4"
"114142","6"
"114243","2"
"114391","4"
"114598","6"
"114819","5"
"114842","3"
"114929","4"
"115173","4"
"115244","5"
"115482","4"
"115739","3"
"115814","5"
"115846","4"
"116348","5"
"116365","5"
"116418","4"
"116447","4"
"116533","3"
"116583","5"
"116696","3"
"116698","4"
"116742","2"
"116820","4"
"116868","5"
"117023","5"
"117085","3"
"117880","4"
"118034","4"
"118100","5"
"118127","5"
"118351","5"
"118558","5"
"118629","3"
"119387","4"
"120212","5"
"120488","5"
"120701","6"
"120710","1"
"120822","4"
"120829","2"
"120904","2"
"121048","5"
"121107","5"
"121301","2"
"121306","3"
"121490","5"
"121637","4"
"121760","4"
"121814","4"
"121932","2"
"122391","3"
"122456","5"
"122528","5"
"123094","5"
"123290","1"
"123295","3"
"123345","5"
"123500","2"
"123901","3"
"124453","6"
"124465","5"
"124664","3"
"124853","5"
"125627","2"
"125923","5"
"126041","2"
"126114","2"
"126160","6"
"126207","2"
"126221","2"
"126240","4"
"126373","5"
"127346","3"
"127510","4"
"127766","4"
"128250","4"
"128807","3"
"129214","5"
"129270","5"
"129462","5"
"129947","3"
"130642","6"
"130703","5"
"130733","5"
"130807","5"
"131314","5"
"131618","6"
"131708","3"
"131762","3"
"131769","4"
"131822","5"
"132114","4"
"132224","3"
"132276","3"
"132340","3"
"132524","2"
"133252","5"
"133848","4"
"134050","4"
"134201","4"
"134511","2"
"134566","3"
"134722","4"
"134979","4"
"135271","5"
"135467","2"
"135722","2"
"136014","2"
"136223","2"
"136300","5"
"136329","3"
"136622","2"
"136729","2"
"136944","2"
"137059","2"
"137105","2"
"137131","2"
"137135","2"
"137137","2"
"137403","2"
"137691","4"
"138537","3"
"138702","2"
"139220","3"
"139622","5"
"139709","4"
"139845","1"
"140459","2"
"141044","4"
"141122","4"
"141279","2"
"141367","5"
"141446","2"
"141726","2"
"141791","5"
"142332","2"
"142468","2"
"142713","2"
"144022","3"
"144204","5"
"144520","3"
"144681","3"
"144900","6"
"145790","2"
"145842","3"
"146163","3"
"146217","4"
"146218","4"
"146420","3"
"146499","3"
"146542","2"
"146648","3"
"147015","2"
"147311","2"
"147442","2"
"147456","4"
"147553","2"
"147560","2"
"147632","4"
"148450","2"
"148651","3"
"148976","4"
"150653","5"
"150687","3"
"150855","2"
"151071","3"
"151184","5"
"151558","4"
"151701","4"
"151728","5"
"151768","5"
"151858","5"
"152145","4"
"152330","4"
"152350","4"
"152989","4"
"153148","4"
"153179","4"
"153252","4"
"153369","4"
"153427","4"
"154770","3"
"154983","5"
"155106","6"
"155374","2"
"155483","2"
"155484","2"
"155772","5"
"156532","3"
"156553","4"
"156784","4"
"156796","4"
"156829","4"
"156850","3"
"157028","6"
"157412","5"
"157452","4"
"157584","4"
"157741","4"
"157873","3"
"157890","3"
"157994","5"
"158075","4"
"158120","1"
"158175","5"
"158464","3"
"158624","3"
"158930","3"
"159229","4"
"159789","3"
"160294","5"
"160306","6"
"160307","2"
"160356","5"
"160406","6"
"160780","4"
"160981","4"
"161126","5"
"161134","4"
"161308","4"
"161870","4"
"162164","3"
"162382","2"
"163607","2"
"163636","5"
"163677","2"
"163812","2"
"163829","2"
"163929","2"
"163945","2"
"164034","6"
"164074","2"
"164236","2"
"164657","4"
"164802","3"
"164980","2"
"164990","4"
"165064","3"
"165125","3"
"165129","2"
"165380","4"
"165492","2"
"165530","2"
"165651","6"
"165807","2"
"165901","4"
"166027","6"
"167143","3"
"167194","3"
"167417","3"
"167525","4"
"167649","3"
"167650","3"
"167885","5"
"168054","4"
"168131","5"
"168169","4"
"168174","2"
"168312","4"
"168355","5"
"168451","5"
"168621","4"
"169138","2"
"169320","4"
"169829","5"
"170711","2"
"170715","6"
"170801","5"
"170879","4"
"170900","3"
"171261","5"
"171447","3"
"171632","3"
"171662","2"
"172402","3"
"172473","4"
"172774","3"
"173059","3"
"173146","2"
"173399","2"
"173472","2"
"173558","2"
"174299","5"
"174301","4"
"174691","3"
"174719","5"
"175144","5"
"175478","1"
"175666","4"
"175880","3"
"176323","2"
"177263","6"
"178255","3"
"178568","3"
"178933","5"
"179099","5"
"179304","5"
"180770","4"
"180804","4"
"180917","4"
"180935","2"
"181017","4"
"181175","3"
"181718","5"
"181772","3"
"182219","4"
"182837","2"
"182852","2"
"182892","4"
"183220","2"
"183933","6"
"184207","3"
"184447","2"
"185871","3"
"186622","2"
"186715","2"
"188284","5"
"189172","2"
"189326","4"
"189512","4"
"189607","4"
"190212","3"
"190259","1"
"190556","5"
"190658","6"
"192290","5"
"192460","3"
"192662","5"
"192666","4"
"192761","5"
"192894","2"
"193879","2"
"195644","2"
"196108","4"
"196253","2"
"196287","4"
"196318","2"
"196426","2"
"196443","2"
"196999","4"
"197407","5"
"197909","5"
"198400","5"
"199291","5"
"199586","5"
"200422","5"
"200444","2"
"200517","1"
"200718","5"
"202177","3"
"202182","5"
"202209","3"
"202306","5"
"202453","5"
"202739","3"
"202789","3"
"202861","5"
"203123","5"
"203814","3"
"203939","5"
"204858","4"
"204861","1"
"204949","1"
"205016","3"
"205030","5"
"205294","4"
"205433","1"
"206144","5"
"206162","5"
"206668","4"
"207660","5"
"208158","3"
"208409","3"
"208543","4"
"208551","5"
"208560","3"
"208619","4"
"208653","5"
"209504","4"
"209607","5"
"210526","5"
"210559","5"
"210561","5"
"210567","6"
"210874","2"
"210910","2"
"211023","5"
"211500","2"
"211851","2"
"212197","4"
"212426","6"
"212960","3"
"213464","4"
"214007","5"
"214299","3"
"214450","3"
"214515","3"
"214862","5"
"215425","5"
"216053","5"
"216207","5"
"216659","2"
"216663","3"
"217145","3"
"217450","4"
"217497","5"
"217534","4"
"217894","2"
"218382","3"
"218759","3"
"218832","3"
"219066","3"
"219344","3"
"220038","2"
"220389","3"
"220701","3"
"220998","1"
"221715","5"
"223462","3"
"223727","4"
"223730","3"
"223742","2"
"223878","4"
"223955","2"
"223987","3"
"224038","5"
"224239","5"
"224632","5"
"225141","1"
"225248","3"
"225843","4"
"226099","2"
"226212","5"
"226501","2"
"226532","3"
"226658","2"
"226808","3"
"227107","6"
"227143","4"
"227198","1"
"227206","3"
"227353","3"
"227851","3"
"228773","3"
"228896","4"
"228902","5"
"228910","3"
"228959","5"
"228978","3"
"229183","1"
"229265","3"
"229345","2"
"229771","4"
"229960","2"
"230111","3"
"230172","3"
"230231","3"
"230233","3"
"230310","3"
"230353","3"
"230496","2"
"230976","5"
"230987","4"
"230996","2"
"231067","2"
"231069","2"
"231095","2"
"231141","4"
"231246","2"
"231351","4"
"231360","4"
"231586","5"
"232313","3"
"232455","2"
"232525","2"
"232611","4"
"232655","1"
"232893","3"
"234179","3"
"234617","6"
"235358","3"
"235660","4"
"236033","3"
"236146","5"
"236211","4"
"236965","6"
"236999","4"
"237025","3"
"237139","2"
"237638","2"
"237953","1"
"238051","2"
"238400","6"
"238753","4"
"238797","4"
"238898","4"
"239403","2"
"239562","2"
"240351","5"
"241902","4"
"242142","6"
"242843","6"
"242874","2"
"242887","2"
"242949","5"
"243153","4"
"243557","4"
"243959","3"
"244150","4"
"244184","4"
"244261","4"
"244353","5"
"244395","2"
"244400","4"
"244562","4"
"244683","2"
"244754","2"
"244867","4"
"244919","4"
"245009","4"
"245130","4"
"245157","4"
"245186","4"
"245250","2"
"245384","3"
"245640","3"
"245894","2"
"246039","2"
"246275","3"
"246351","4"
"247479","3"
"247925","3"
"248238","3"
"248336","4"
"248428","4"
"249375","3"
"250452","4"
"251224","2"
"251803","5"
"251858","2"
"251945","3"
"252020","3"
"252026","3"
"252085","2"
"252167","5"
"252281","3"
"252336","2"
"252348","3"
"252350","5"
"252355","3"
"252498","3"
"252553","4"
"252660","2"
"254287","4"
"254412","4"
"254460","4"
"254566","4"
"254569","5"
"254936","6"
"255307","4"
"255537","2"
"255564","2"
"255566","4"
"255852","3"
"258054","4"
"258356","4"
"258363","4"
"258461","1"
"259337","4"
"260730","4"
"260865","2"
"261967","3"
"262628","4"
"262795","4"
"262991","2"
"263034","4"
"263075","4"
"263117","4"
"263287","2"
"263462","2"
"263700","1"
"264123","4"
"264898","3"
"265358","6"
"265405","5"
"265440","5"
"266717","5"
"266868","2"
"267110","4"
"268026","6"
"268063","5"
"268112","5"
"268152","3"
"268200","5"
"268321","3"
"268649","3"
"268936","6"
"269477","2"
"269756","3"
"269825","5"
"269966","5"
"270094","4"
"270217","3"
"270446","2"
"270815","3"
"271163","2"
"271315","1"
"272158","5"
"272248","3"
"272618","2"
"272719","3"
"273137","5"
"273908","3"
"274592","3"
"274602","3"
"274611","2"
"274673","4"
"274880","3"
"274906","3"
"275063","2"
"275132","4"
"275508","4"
"275519","4"
"276277","5"
"276348","2"
"276367","2"
"276426","4"
"276534","4"
"276549","3"
"276859","2"
"277088","5"
"277364","4"
"277497","2"
"277561","4"
"277651","5"
"277918","2"
"278638","5"
"278902","2"
"278934","4"
"279371","1"
"279465","4"
"279614","3"
"279671","3"
"279839","4"
"279852","6"
"279935","4"
"280348","2"
"280483","5"
"280521","4"
"280550","3"
"280555","4"
"280577","1"
"280581","4"
"280582","4"
"280585","5"
"280870","4"
"280927","4"
"281042","4"
"281085","3"
"281132","4"
"281192","2"
"281321","4"
"281444","3"
"281467","1"
"281531","4"
"281596","4"
"281602","6"
"281746","4"
"281894","4"
"282313","2"
"282648","4"
"282788","2"
"282834","2"
"282953","2"
"283216","1"
"283439","3"
"283492","1"
"283632","3"
"283707","3"
"283713","1"
"284231","1"
"284436","1"
"284608","1"
"284622","3"
"284651","3"
"284703","1"
"284750","1"
"284836","3"
"284873","1"
"284905","1"
"284948","1"
"284984","1"
"285018","1"
"285022","5"
"285117","3"
"285292","1"
"285316","1"
"285361","1"
"285411","3"
"285473","2"
"285491","1"
"286141","1"
"286178","3"
"286195","5"
"286418","5"
"286899","5"
"286909","5"
"287029","3"
"287050","1"
"287069","4"
"287564","5"
"287667","2"
"287752","4"
"287838","1"
"288012","3"
"288078","2"
"288586","4"
"288645","1"
"288830","3"
"288937","1"
"289001","5"
"289013","1"
"289122","4"
"289161","3"
"290694","5"
"290739","1"
"291021","6"
"291920","1"
"292218","1"
"292367","6"
"292493","3"
"292578","4"
"293842","4"
"294171","4"
"294589","3"
"294696","4"
"295540","3"
"295901","3"
"296918","3"
"297092","4"
"297336","1"
"297618","3"
"297915","3"
"298152","1"
"298492","3"
"300412","3"
"300698","5"
"301007","3"
"301020","4"
"301292","4"
"301727","3"
"301738","4"
"301819","4"
"302541","1"
"303044","6"
"303080","1"
"303163","5"
"303243","1"
"303381","6"
"303438","2"
"303450","3"
"304072","1"
"304443","3"
"304967","5"
"305166","4"
"305371","3"
"305405","1"
"305778","3"
"306005","3"
"306011","1"
"306132","2"
"306193","3"
"306325","2"
"306616","3"
"306876","3"
"307196","3"
"307726","2"
"307824","1"
"307883","2"
"308353","3"
"308404","4"
"308616","2"
"308619","2"
"308790","4"
"309261","5"
"309456","5"
"309596","2"
"309749","3"
"309879","1"
"310062","3"
"310063","3"
"310071","2"
"310287","5"
"310349","3"
"310527","3"
"310848","3"
"311515","3"
"311564","4"
"311572","2"
"312045","5"
"312146","5"
"312153","5"
"312213","3"
"312808","1"
"312874","5"
"312893","5"
"312932","3"
"313206","3"
"313267","3"
"313288","3"
"313336","5"
"313713","1"
"314046","2"
"314286","1"
"314344","6"
"314415","2"
"314437","4"
"314448","4"
"314529","2"
"314829","4"
"314928","6"
"315005","4"
"315307","3"
"315590","6"
"315599","4"
"316153","5"
"316223","5"
"316307","3"
"316344","4"
"316386","3"
"316398","5"
"317192","1"
"317287","1"
"317515","3"
"317544","5"
"317622","1"
"317778","5"
"317797","1"
"317805","1"
"317810","5"
"318758","3"
"318796","3"
"318798","3"
"318856","1"
"318862","3"
"318890","3"
"319006","1"
"319026","3"
"319115","3"
"319739","3"
"319919","3"
"319949","3"
"319952","3"
"320040","3"
"320187","4"
"320499","3"
"320965","3"
"321008","5"
"321193","3"
"321229","3"
"321255","5"
"321521","3"
"321833","3"
"321873","3"
"322000","3"
"322249","3"
"322374","1"
"322607","2"
"322779","6"
"322969","3"
"323015","3"
"323053","3"
"323773","1"
"323886","4"
"324145","2"
"324380","2"
"324639","3"
"325203","5"
"325571","1"
"325976","5"
"325986","6"
"326279","3"
"326495","1"
"326793","5"
"327412","3"
"327491","3"
"327998","3"
"328195","2"
"328206","5"
"328265","1"
"328452","5"
"328795","5"
"330417","2"
"330753","4"
"330960","2"
"331093","2"
"331108","6"
"331607","2"
"331612","1"
"331869","5"
"331899","2"
"331990","2"
"332114","2"
"332250","3"
"332290","2"
"332359","2"
"332376","1"
"332450","3"
"332475","2"
"333037","3"
"333447","3"
"333631","5"
"333647","3"
"333663","3"
"333801","3"
"333872","3"
"333949","3"
"334236","3"
"334513","5"
"334523","3"
"334545","3"
"334765","3"
"335049","1"
"335313","3"
"335351","3"
"335475","5"
"335854","1"
"336212","3"
"336261","3"
"336396","3"
"336407","3"
"336656","5"
"336718","1"
"337336","2"
"337392","5"
"337431","4"
"337574","1"
"338054","3"
"338198","5"
"338282","4"
"338335","5"
"338336","6"
"338492","5"
"338599","2"
"338966","4"
"339043","2"
"339124","2"
"339257","2"
"339259","2"
"339282","4"
"339425","2"
"339454","5"
"339560","2"
"339578","2"
"339580","2"
"339608","2"
"339609","2"
"339620","2"
"339713","2"
"339743","2"
"339787","2"
"339843","2"
"339868","2"
"339870","2"
"339874","2"
"339880","6"
"340042","4"
"340445","6"
"340695","2"
"341669","1"
"341962","2"
"341977","2"
"342459","1"
"342512","1"
"342556","6"
"342646","4"
"342682","4"
"342693","4"
"342730","4"
"343288","4"
"343608","4"
"343625","2"
"343696","3"
"343710","1"
"343727","3"
"343910","1"
"344377","4"
"344412","1"
"344467","5"
"344508","6"
"345387","2"
"345927","6"
"346091","1"
"346171","3"
"346257","5"
"346281","4"
"346301","2"
"346534","4"
"346575","4"
"346891","6"
"347365","3"
"347414","3"
"347442","1"
"347449","4"
"347605","2"
"348101","4"
"348187","5"
"348584","1"
"348954","1"
"348997","3"
"349052","3"
"349135","1"
"349210","4"
"349239","4"
"349415","3"
"349429","6"
"349599","2"
"349690","4"
"349733","1"
"350041","2"
"350213","3"
"350451","3"
"350466","2"
"350613","5"
"350766","5"
"350840","3"
"352846","3"
"353218","4"
"353440","1"
"354231","4"
"354676","3"
"354763","5"
"355250","5"
"356033","2"
"356173","3"
"356238","1"
"356411","5"
"356583","4"
"356677","4"
"356706","4"
"356808","6"
"356853","5"
"356929","4"
"357123","5"
"357186","1"
"357286","5"
"357292","4"
"357329","5"
"357333","3"
"358477","1"
"358728","6"
"359270","2"
"359334","2"
"359344","5"
"359984","4"
"360097","5"
"360421","1"
"360802","5"
"360968","2"
"361158","2"
"361735","5"
"361974","4"
"362294","3"
"362470","1"
"362577","1"
"364024","3"
"364081","4"
"364349","4"
"364497","5"
"364633","4"
"364922","5"
"364994","4"
"365027","5"
"365228","2"
"365498","4"
"365525","4"
"365626","2"
"365944","4"
"365965","4"
"366082","1"
"366172","4"
"366194","4"
"366780","5"
"367509","2"
"367688","4"
"367747","4"
"367963","4"
"368790","5"
"369275","2"
"369415","1"
"369480","3"
"369787","1"
"370639","6"
"371002","1"
"371038","1"
"371069","4"
"371714","2"
"372034","4"
"372217","4"
"372241","1"
"372686","1"
"372904","1"
"372919","6"
"373467","3"
"373504","3"
"373542","3"
"373720","5"
"374085","5"
"374636","4"
"375521","2"
"375580","3"
"375614","1"
"375686","1"
"375757","5"
"375873","3"
"376033","2"
"376971","2"
"376996","5"
"377173","2"
"377221","6"
"377310","5"
"377412","5"
"377573","2"
"378498","3"
"379186","3"
"379547","4"
"379666","5"
"379668","5"
"380018","4"
"381234","3"
"381269","3"
"382800","3"
"382857","3"
"383189","5"
"383358","4"
"383504","1"
"383662","4"
"383684","5"
"383713","1"
"383867","6"
"384005","1"
"384014","1"
"384046","1"
"384089","1"
"384138","1"
"384145","3"
"384175","5"
"384717","2"
"384781","4"
"385157","4"
"385163","3"
"385794","5"
"387042","5"
"387070","1"
"387092","5"
"387096","3"
"387247","4"
"387371","2"
"387411","3"
"387468","2"
"387498","3"
"387522","6"
"387593","2"
"387612","6"
"387632","3"
"387651","3"
"387654","3"
"387754","3"
"387811","3"
"387857","4"
"387898","4"
"388180","2"
"388363","2"
"388441","4"
"388579","4"
"388692","1"
"388808","4"
"388868","1"
"388932","6"
"388987","4"
"389273","4"
"389605","2"
"389806","5"
"389921","1"
"390067","3"
"390239","3"
"390965","3"
"391392","2"
"391446","4"
"391645","1"
"391936","4"
"393191","2"
"393432","4"
"393597","4"
"394025","4"
"394079","6"
"394088","4"
"394251","4"
"394347","6"
"394412","4"
"395051","5"
"395268","1"
"395328","6"
"395903","6"
"396631","1"
"396635","5"
"396756","3"
"397242","1"
"397435","5"
"397555","1"
"397739","1"
"398012","4"
"398327","2"
"398614","2"
"398624","5"
"399867","2"
"400082","4"
"400417","5"
"400694","5"
"400982","5"
"400996","4"
"401192","4"
"401247","1"
"401563","5"
"401652","1"
"401752","4"
"402085","4"
"402091","2"
"402252","3"
"402470","5"
"402561","3"
"402859","4"
"403643","4"
"403835","6"
"403923","3"
"404081","4"
"404404","3"
"404406","3"
"405168","1"
"405610","2"
"406043","5"
"407372","3"
"407521","3"
"408015","3"
"408107","3"
"409138","2"
"409166","5"
"409287","2"
"410627","4"
"410673","3"
"410806","1"
"411568","4"
"411858","2"
"412067","2"
"412170","4"
"412312","2"
"412486","4"
"412509","6"
"412706","3"
"412984","3"
"413192","5"
"413200","5"
"413335","2"
"413435","3"
"413999","1"
"414420","2"
"414677","2"
"415040","4"
"415234","4"
"415277","2"
"415437","5"
"415519","2"
"415665","4"
"416191","4"
"416210","5"
"416330","4"
"416717","5"
"417630","1"
"418842","3"
"419141","3"
"419235","4"
"419459","4"
"419500","4"
"419868","4"
"420121","2"
"420455","4"
"420602","4"
"420751","4"
"420754","3"
"420820","5"
"420827","6"
"420847","4"
"420904","3"
"420932","3"
"420933","4"
"421039","4"
"421056","3"
"421102","1"
"421280","4"
"421390","4"
"421505","2"
"421750","2"
"421771","4"
"422364","3"
"422398","2"
"422416","3"
"422504","3"
"422676","3"
"422711","3"
"422717","3"
"422751","2"
"423128","4"
"423418","4"
"423917","2"
"423933","1"
"424301","4"
"424343","4"
"424465","2"
"424676","1"
"424855","4"
"424988","2"
"425200","3"
"425511","2"
"425734","2"
"425752","3"
"425997","3"
"426037","2"
"426090","2"
"426142","2"
"426207","2"
"426246","2"
"426272","2"
"426381","4"
"426414","4"
"426466","4"
"426503","2"
"426517","1"
"426578","2"
"426623","4"
"426734","2"
"426786","4"
"426788","3"
"426857","3"
"427311","1"
"427538","1"
"428582","2"
"428583","1"
"428724","3"
"428836","2"
"429294","4"
"429304","2"
"429451","4"
"429678","2"
"429755","2"
"429820","4"
"429876","2"
"430148","2"
"430293","2"
"430337","2"
"430453","3"
"430470","3"
"430556","3"
"430836","4"
"431050","1"
"431251","1"
"431352","4"
"431751","3"
"432011","1"
"432356","3"
"432390","1"
"432665","5"
"432779","5"
"432964","3"
"433049","6"
"433357","6"
"433389","4"
"433450","2"
"433469","3"
"433797","3"
"434157","5"
"434374","3"
"434432","5"
"434663","6"
"435055","1"
"435229","3"
"435326","1"
"435443","1"
"435772","1"
"435779","1"
"435972","6"
"436034","1"
"436136","1"
"436157","5"
"436461","1"
"436700","1"
"436772","3"
"436924","1"
"436929","1"
"437005","3"
"437011","6"
"437093","3"
"437187","3"
"437270","4"
"437423","1"
"437760","1"
"437804","1"
"437809","1"
"437812","1"
"437842","2"
"437854","4"
"437877","1"
"437879","1"
"437951","1"
"437955","1"
"438065","1"
"438080","3"
"438112","1"
"438585","6"
"438606","2"
"438615","3"
"438768","4"
"438788","1"
"439227","3"
"439631","3"
"439798","5"
"439904","2"
"440037","2"
"440041","3"
"440130","3"
"440163","1"
"440228","5"
"440261","5"
"440288","3"
"440326","3"
"440348","4"
"440462","3"
"440467","1"
"440562","3"
"440644","5"
"441319","1"
"441426","4"
"441655","2"
"441825","2"
"441923","5"
"442270","3"
"442416","3"
"442620","4"
"442639","2"
"442714","4"
"442927","2"
"443068","6"
"443232","3"
"443440","4"
"443633","4"
"443640","4"
"443646","2"
"443676","2"
"443681","4"
"443920","4"
"443984","3"
"444009","5"
"444049","1"
"444126","1"
"444200","1"
"444303","2"
"444491","4"
"444508","1"
"444900","1"
"445188","1"
"445211","1"
"445245","4"
"445280","2"
"445327","1"
"445329","2"
"445357","4"
"445376","5"
"445420","6"
"445671","4"
"445682","6"
"445777","6"
"445799","2"
"445849","5"
"445854","6"
"445985","4"
"446011","2"
"446068","5"
"446130","6"
"446339","2"
"446365","6"
"446449","4"
"446618","4"
"446622","4"
"446694","4"
"446726","1"
"446732","4"
"446963","3"
"447239","3"
"447495","3"
"447735","1"
"447801","5"
"447974","3"
"448157","4"
"448260","3"
"448413","3"
"448478","3"
"448521","1"
"448620","3"
"448671","2"
"448838","1"
"449212","1"
"449299","1"
"449450","4"
"449468","3"
"449599","3"
"449642","1"
"449839","1"
"450123","3"
"450150","2"
"450434","6"
"450465","3"
"450933","4"
"451041","1"
"451229","4"
"451466","5"
"451494","6"
"451750","2"
"451781","5"
"451829","4"
"451911","2"
"451918","6"
"451939","3"
"452610","5"
"453267","5"
"453929","2"
"453974","2"
"454036","4"
"454038","1"
"454070","2"
"454930","1"
"455064","4"
"455468","5"
"455658","1"
"455672","5"
"455775","4"
"455890","1"
"456194","1"
"456201","2"
"456306","1"
"456371","6"
"456391","1"
"456437","1"
"456511","4"
"456751","1"
"456897","6"
"456976","1"
"457392","4"
"457621","1"
"457708","2"
"457862","3"
"458194","3"
"458332","1"
"458514","1"
"458738","5"
"458811","6"
"459420","1"
"459572","5"
"460186","3"
"460602","5"
"460833","5"
"461307","1"
"461449","4"
"461509","1"
"461586","1"
"461602","5"
"461631","5"
"461649","3"
"461790","4"
"461829","4"
"461853","3"
"461878","3"
"461986","4"
"462042","4"
"462061","2"
"462170","3"
"462996","4"
"463592","4"
"463602","5"
"464008","2"
"464786","5"
"464822","3"
"464962","3"
"465003","2"
"465043","3"
"466424","6"
"466693","1"
"466997","5"
"467048","1"
"467110","5"
"467306","5"
"468000","2"
"468155","4"
"468294","3"
"468596","5"
"469369","6"
"470084","3"
"470338","3"
"470643","1"
"470725","3"
"470825","4"
"470979","3"
"471183","3"
"471203","3"
"471346","2"
"471407","6"
"471505","3"
"472093","4"
"472095","3"
"472300","3"
"473025","4"
"473186","5"
"473252","4"
"473373","6"
"473413","4"
"473487","1"
"474275","3"
"474992","1"
"475051","1"
"475169","5"
"475307","5"
"475365","6"
"476441","3"
"476485","6"
"476544","2"
"476641","5"
"476831","5"
"476886","1"
"477021","4"
"477116","1"
"477419","2"
"479325","1"
"480242","3"
"480284","6"
"480301","5"
"480874","6"
"481138","2"
"481393","3"
"482116","3"
"482208","3"
"482449","2"
"482465","5"
"482602","6"
"482769","5"
"483308","2"
"483650","3"
"483858","2"
"483878","3"
"483993","3"
"485112","3"
"485529","1"
"485779","3"
"485872","2"
"486472","5"
"486506","3"
"486597","1"
"486714","4"
"486723","2"
"486759","1"
"487286","1"
"487427","6"
"487489","3"
"487750","1"
"487823","1"
"488226","3"
"488261","4"
"488304","5"
"488344","5"
"488367","3"
"488819","4"
"489121","4"
"489134","4"
"489199","4"
"489215","1"
"489412","2"
"489465","1"
"489791","6"
"490024","5"
"490094","4"
"490187","3"
"490332","2"
"490558","1"
"490589","1"
"490759","2"
"490803","6"
"490835","4"
"491038","3"
"491148","6"
"491273","2"
"491316","5"
"491363","5"
"491403","4"
"491455","3"
"491484","3"
"491508","3"
"491860","6"
"492106","3"
"492262","2"
"492292","4"
"492305","2"
"492355","4"
"492548","1"
"492640","4"
"492655","1"
"492878","3"
"493475","5"
"493668","4"
"494488","3"
"494519","5"
"494626","5"
"494923","2"
"494996","3"
"495835","2"
"495872","5"
"495906","2"
"496003","5"
"496015","2"
"496065","4"
"496073","6"
"496075","2"
"496114","2"
"496126","2"
"496129","2"
"496136","2"
"496313","4"
"496406","1"
"496761","1"
"496781","4"
"497112","4"
"497284","1"
"497568","1"
"497619","1"
"497686","3"
"497790","4"
"497893","1"
"497903","2"
"498122","4"
"498343","4"
"498746","3"
"498863","3"
"499070","3"
"499097","1"
"499123","4"
"499201","3"
"499210","4"
"499234","3"
"499368","6"
"500161","1"
"500242","2"
"500638","4"
"501064","4"
"501390","4"
"501441","5"
"501554","4"
"501892","6"
"502013","5"
"502018","1"
"502093","1"
"502442","4"
"502448","1"
"502449","6"
"502478","1"
"502630","1"
"502856","4"
"502906","3"
"503335","1"
"503752","5"
"504288","2"
"504455","2"
"504467","1"
"505043","4"
"505623","5"
"505652","1"
"505835","2"
"505837","1"
"505861","2"
"506189","2"
"506633","3"
"507149","1"
"507241","3"
"507665","3"
"507847","3"
"507854","3"
"507963","3"
"507967","1"
"508032","3"
"508077","3"
"508146","6"
"508201","3"
"509050","3"
"509286","3"
"509456","3"
"509485","3"
"510135","2"
"510740","4"
"510745","2"
"510882","2"
"511265","5"
"511735","4"
"512002","2"
"512114","3"
"512447","2"
"512664","4"
"513679","2"
"514261","1"
"514721","4"
"514973","3"
"515284","5"
"515906","3"
"515908","2"
"516086","1"
"516112","6"
"516206","4"
"516415","3"
"516442","4"
"516444","2"
"517780","1"
"518093","4"
"518388","3"
"518724","3"
"519850","4"
"520229","2"
"520281","2"
"520351","4"
"520402","1"
"520732","4"
"521055","4"
"521444","5"
"521493","4"
"521991","5"
"521998","3"
"522309","4"
"522484","2"
"522627","4"
"522651","4"
"522674","3"
"522718","4"
"523239","3"
"523427","2"
"523523","3"
"523787","4"
"524079","4"
"524724","1"
"524784","2"
"524820","4"
"524881","2"
"524993","2"
"524999","4"
"525283","5"
"525354","2"
"525645","3"
"525715","1"
"526072","2"
"526150","4"
"526321","1"
"526900","4"
"526968","4"
"527163","5"
"527273","4"
"527291","1"
"527582","5"
"528033","1"
"528431","4"
"528974","2"
"529168","1"
"530556","3"
"531309","3"
"532579","6"
"533083","3"
"533526","3"
"533750","3"
"533958","4"
"534096","3"
"534350","5"
"534416","5"
"535006","3"
"535358","3"
"536215","3"
"536461","5"
"536868","3"
"536959","1"
"537443","3"
"537511","5"
"537723","1"
"538086","1"
"538206","1"
"538242","5"
"538347","1"
"538546","5"
"538795","5"
"539252","1"
"539323","2"
"539395","2"
"539858","5"
"540060","5"
"540833","4"
"540929","5"
"541405","2"
"541801","2"
"542024","1"
"542065","1"
"542390","4"
"542452","4"
"542720","4"
"543104","5"
"543319","1"
"543430","4"
"543481","3"
"543637","1"
"543918","2"
"543952","5"
"543992","4"
"544523","2"
"544633","2"
"544873","4"
"544918","6"
"545777","1"
"545985","5"
"546374","3"
"546453","4"
"546523","4"
"546860","6"
"546875","1"
"547033","1"
"547450","1"
"547499","4"
"547809","4"
"547830","4"
"547843","4"
"547891","4"
"548661","5"
"549209","5"
"550013","2"
"550119","4"
"550270","5"
"550439","5"
"550549","5"
"550716","3"
"551376","1"
"551388","2"
"551433","4"
"551874","4"
"552836","3"
"552940","2"
"553486","1"
"554591","3"
"555183","3"
"555479","3"
"555638","6"
"555678","1"
"555682","2"
"556773","3"
"556846","3"
"556861","3"
"556953","3"
"556960","3"
"557427","1"
"557827","4"
"557999","4"
"558090","5"
"558903","4"
"559545","3"
"560446","5"
"560744","1"
"561371","1"
"562364","1"
"562795","1"
"562902","3"
"563158","3"
"563254","1"
"563275","3"
"563293","3"
"563436","6"
"564242","1"
"564384","5"
"566173","5"
"566236","2"
"566260","1"
"567114","3"
"567925","5"
"567972","2"
"569214","4"
"569842","4"
"569868","5"
"569920","1"
"569922","3"
"570001","1"
"570058","4"
"570104","4"
"570199","2"
"570348","4"
"570488","2"
"570677","1"
"570684","3"
"570689","1"
"570698","3"
"570952","4"
"571017","2"
"571255","4"
"571268","2"
"571272","2"
"571325","1"
"571354","4"
"571362","4"
"571427","2"
"571480","2"
"571486","2"
"571732","2"
"571764","2"
"571900","2"
"571928","2"
"572176","6"
"572274","6"
"572304","3"
"572719","3"
"572723","1"
"573721","1"
"573867","4"
"573887","1"
"573893","2"
"574019","1"
"574311","5"
"575194","3"
"575411","3"
"575540","4"
"575937","1"
"576064","2"
"576092","3"
"577317","1"
"577542","1"
"577637","1"
"577898","2"
"577934","2"
"578027","3"
"578298","1"
"578349","3"
"578489","5"
"578720","1"
"578773","3"
"579427","5"
"579693","1"
"579707","4"
"579993","1"
"580188","3"
"580612","3"
"581382","2"
"581628","1"
"581730","1"
"581883","1"
"582004","1"
"582325","1"
"582510","1"
"582552","5"
"582916","5"
"583651","3"
"584394","5"
"584492","4"
"584521","5"
"584920","4"
"585409","5"
"586339","4"
"586902","5"
"587182","1"
"587430","2"
"587828","3"
"587886","5"
"588064","4"
"588900","6"
"589354","5"
"589570","4"
"589763","1"
"590559","1"
"590860","5"
"591473","1"
"591723","2"
"591798","5"
"592220","1"
"592510","6"
"593136","2"
"593232","1"
"593261","4"
"593385","4"
"593479","5"
"593603","5"
"593637","3"
"593639","1"
"593671","4"
"593996","5"
"594084","5"
"594734","3"
"594741","3"
"595373","4"
"595921","3"
"596037","4"
"596133","5"
"597293","1"
"597437","2"
"597613","5"
"597667","1"
"597954","1"
"598061","1"
"598187","5"
"598194","1"
"598221","4"
"598226","1"
"598241","5"
"598330","1"
"598392","1"
"598510","1"
"598749","2"
"599328","5"
"600373","3"
"600913","3"
"600994","2"
"601052","2"
"601075","1"
"601857","3"
"601928","6"
"602006","3"
"602105","2"
"602113","2"
"602492","1"
"602540","4"
"602820","4"
"602893","2"
"603041","3"
"603787","3"
"603819","2"
"603863","3"
"603890","1"
"603990","5"
"604084","2"
"604106","1"
"604125","4"
"604176","4"
"604387","5"
"604482","1"
"604813","2"
"604881","1"
"604892","3"
"605068","5"
"605656","5"
"605795","3"
"606136","1"
"606156","1"
"606209","1"
"606425","4"
"606516","4"
"606527","3"
"606549","4"
"606617","1"
"606671","1"
"606802","2"
"607255","1"
"608028","5"
"608352","4"
"608663","4"
"609022","3"
"609549","5"
"609860","5"
"610325","4"
"611089","1"
"611532","1"
"611695","1"
"612340","5"
"612977","5"
"613064","4"
"613078","5"
"614061","1"
"614196","1"
"614563","1"
"614695","1"
"614902","1"
"615013","3"
"615627","4"
"615638","4"
"615968","6"
"616033","4"
"616271","4"
"616272","5"
"616852","3"
"617143","3"
"617424","3"
"617732","2"
"618206","4"
"618238","3"
"618333","3"
"618584","2"
"618975","6"
"619179","3"
"619248","3"
"619635","3"
"619649","4"
"619785","3"
"619824","3"
"619840","3"
"619957","3"
"620308","6"
"620707","5"
"620831","5"
"620989","5"
"621501","4"
"622319","5"
"622447","5"
"622739","2"
"623078","1"
"623270","2"
"623340","3"
"623460","4"
"623541","2"
"623688","4"
"623699","2"
"623775","4"
"623829","2"
"624119","6"
"624346","1"
"624374","6"
"624504","2"
"624667","1"
"624764","1"
"625067","4"
"625068","4"
"625205","6"
"625394","5"
"625534","5"
"625602","5"
"625646","4"
"625958","4"
"625987","1"
"626038","6"
"626147","6"
"626327","4"
"626466","1"
"626571","6"
"626907","2"
"627144","4"
"627164","4"
"627334","4"
"627426","3"
"627512","6"
"627536","1"
"627610","2"
"627728","2"
"627975","4"
"627984","1"
"628107","2"
"629557","3"
"629645","3"
"629727","3"
"630808","6"
"631246","4"
"631824","4"
"631898","1"
"631938","2"
"632290","5"
"632313","2"
"632599","2"
"632678","4"
"632867","2"
"632875","4"
"632886","4"
"632958","2"
"632964","2"
"633001","2"
"633415","3"
"633450","2"
"633598","5"
"633796","2"
"633835","2"
"633871","6"
"634196","1"
"634288","5"
"634462","1"
"634703","4"
"635217","2"
"635266","3"
"635473","1"
"635508","4"
"635790","2"
"635846","1"
"635865","1"
"635867","4"
"636148","4"
"636185","4"
"636222","4"
"636539","5"
"637422","1"
"637478","1"
"637530","4"
"638017","1"
"638388","5"
"638393","1"
"638490","4"
"638666","1"
"638673","1"
"638859","2"
"638876","1"
"638942","1"
"638943","1"
"638972","1"
"638985","1"
"639017","1"
"639338","3"
"639579","2"
"639636","2"
"639691","1"
"639708","2"
"639787","1"
"639893","2"
"640398","6"
"640543","1"
"640855","2"
"640869","1"
"640959","4"
"641065","3"
"641624","1"
"642051","5"
"642360","3"
"642511","1"
"642848","1"
"642983","1"
"643188","5"
"644329","1"
"645292","4"
"645443","4"
"645462","4"
"645510","1"
"645693","3"
"646148","1"
"646376","5"
"647910","2"
"648066","3"
"648201","2"
"648324","4"
"648508","3"
"648622","4"
"648665","1"
"648886","2"
"648903","4"
"648925","2"
"649045","3"
"649600","1"
"650077","1"
"650082","3"
"650178","4"
"650202","1"
"650328","1"
"650451","1"
"650571","1"
"650607","1"
"650634","1"
"650749","1"
"650793","1"
"650847","1"
"650864","1"
"650908","3"
"651531","4"
"651547","1"
"651595","1"
"651914","6"
"652331","2"
"652507","2"
"652820","1"
"652930","6"
"652937","3"
"653074","4"
"653347","2"
"653684","1"
"653691","2"
"653729","2"
"653731","6"
"654100","1"
"654329","5"
"654436","4"
"654527","4"
"654545","5"
"654781","5"
"655141","5"
"655503","1"
"656188","2"
"656203","3"
"656244","3"
"656284","5"
"656665","1"
"656862","4"
"656897","2"
"656909","5"
"657027","2"
"657082","2"
"657092","5"
"657130","5"
"657878","3"
"658110","1"
"658264","1"
"658307","3"
"658328","1"
"658359","3"
"658625","3"
"659530","4"
"659551","6"
"659595","4"
"659689","1"
"660095","4"
"660449","1"
"660678","5"
"660717","3"
"661415","5"
"661623","2"
"661854","3"
"661873","2"
"662133","2"
"662424","1"
"663183","1"
"663724","2"
"663768","1"
"663791","2"
"663893","2"
"663927","2"
"663979","1"
"664131","2"
"664215","6"
"664217","1"
"664370","4"
"664677","1"
"664688","4"
"664705","2"
"664741","5"
"664768","2"
"664928","5"
"664937","1"
"664960","5"
"665239","2"
"666132","1"
"666440","1"
"666519","1"
"667139","5"
"668348","2"
"668949","4"
"668980","1"
"669113","6"
"669252","3"
"669855","2"
"670059","6"
"670298","4"
"670422","4"
"670826","1"
"671440","5"
"671769","6"
"671853","5"
"672020","4"
"672179","3"
"672754","5"
"673359","3"
"673449","6"
"674418","3"
"674448","3"
"674455","1"
"674644","4"
"674825","2"
"674966","1"
"676008","1"
"676062","1"
"676105","3"
"676464","4"
"676570","2"
"676743","4"
"676963","1"
"677156","5"
"677462","3"
"677510","4"
"677533","4"
"677856","1"
"677864","2"
"678001","1"
"678012","5"
"678266","5"
"678770","1"
"679656","2"
"680000","1"
"680143","2"
"680234","3"
"680460","3"
"680567","1"
"681047","2"
"681489","3"
"681727","3"
"681820","4"
"681962","4"
"682095","1"
"682098","4"
"682260","3"
"682340","1"
"682720","4"
"682915","3"
"682940","3"
"683333","4"
"683406","1"
"683880","5"
"683934","3"
"684190","3"
"684225","3"
"684537","1"
"685248","1"
"685348","4"
"685351","4"
"686401","1"
"686466","1"
"686794","3"
"686887","3"
"687064","2"
"687192","4"
"687234","4"
"687303","2"
"687362","4"
"687374","4"
"687500","5"
"687748","3"
"687839","4"
"687892","2"
"688646","3"
"689092","3"
"689386","3"
"689579","3"
"689588","3"
"689636","3"
"689702","3"
"689738","3"
"689836","1"
"690431","4"
"690465","2"
"691005","5"
"691036","5"
"691042","5"
"691244","2"
"691627","4"
"691747","2"
"692145","2"
"692228","5"
"692411","5"
"692445","1"
"692659","3"
"692839","1"
"693329","3"
"693402","1"
"693929","4"
"693930","2"
"694264","2"
"694374","2"
"694377","4"
"694906","4"
"695533","3"
"695818","2"
"696581","2"
"696682","4"
"696821","4"
"696895","4"
"696943","4"
"696978","4"
"697061","2"
"698274","1"
"698298","3"
"698524","3"
"698623","2"
"699349","5"
"699650","5"
"699690","5"
"699701","5"
"700737","4"
"702727","4"
"703365","3"
"704068","5"
"704196","6"
"704217","4"
"704239","4"
"704341","1"
"704478","3"
"705364","1"
"706067","4"
"706119","2"
"706449","4"
"706491","1"
"706932","3"
"707600","4"
"708613","1"
"708783","3"
"708843","3"
"708985","3"
"709141","5"
"709505","5"
"710077","6"
"710179","6"
"710248","5"
"710357","4"
"710706","4"
"710763","5"
"710830","2"
"711411","2"
"711716","2"
"711978","5"
"712018","3"
"712077","2"
"712186","2"
"712274","1"
"712539","1"
"712646","4"
"712728","4"
"712841","1"
"712958","5"
"713177","1"
"713566","1"
"713601","1"
"713683","1"
"713725","1"
"713734","1"
"714118","1"
"714344","1"
"714356","6"
"714552","4"
"714885","1"
"715597","4"
"716237","1"
"716457","5"
"716850","1"
"717216","3"
"717600","3"
"717960","1"
"719799","5"
"719845","6"
"719975","5"
"721619","2"
"721806","3"
"721817","2"
"721981","2"
"722551","4"
"723389","1"
"724144","3"
"724403","4"
"724462","5"
"724470","4"
"724479","5"
"725159","1"
"725813","1"
"725874","5"
"726037","5"
"726664","4"
"726859","3"
"726922","2"
"727072","3"
"727195","4"
"727204","6"
"728483","6"
"728501","2"
"728563","3"
"728673","3"
"728710","3"
"728817","3"
"728890","2"
"729165","3"
"729314","3"
"730292","1"
"730510","2"
"731072","5"
"731619","1"
"731662","2"
"731886","1"
"732141","1"
"732181","1"
"732208","1"
"732221","1"
"732247","1"
"732297","4"
"732718","4"
"733394","1"
"733554","1"
"733718","3"
"733823","3"
"734035","4"
"734199","4"
"734223","5"
"734505","4"
"734590","5"
"735046","1"
"735130","3"
"735155","3"
"735265","2"
"735274","4"
"735344","4"
"735389","4"
"735460","4"
"735697","2"
"736009","2"
"736015","4"
"736020","2"
"736582","5"
"736694","6"
"737932","5"
"738036","3"
"738273","3"
"738482","4"
"738660","2"
"738960","1"
"738962","3"
"740238","5"
"740978","4"
"740979","5"
"741057","2"
"741209","1"
"741458","5"
"741682","6"
"741971","3"
"742031","5"
"742501","5"
"742534","3"
"742602","3"
"742662","4"
"742826","5"
"742897","1"
"742927","4"
"743024","3"
"743297","1"
"743326","1"
"743339","6"
"743360","2"
"743446","1"
"743577","1"
"743636","3"
"743657","1"
"743675","4"
"743682","4"
"744068","2"
"744305","2"
"745204","4"
"745205","5"
"745359","1"
"745411","4"
"745890","1"
"746018","3"
"746252","3"
"747727","4"
"747942","5"
"748668","2"
"748899","1"
"749393","2"
"749443","4"
"750439","2"
"750455","3"
"750672","5"
"750712","3"
"750726","5"
"750758","3"
"750771","5"
"751090","3"
"751144","4"
"751215","2"
"751291","3"
"751519","5"
"751752","2"
"751963","4"
"753815","1"
"754365","5"
"754498","3"
"754663","1"
"754817","3"
"754930","1"
"755036","3"
"755204","1"
"755271","6"
"755330","4"
"755372","3"
"755547","1"
"755987","3"
"756190","3"
"756257","1"
"756688","1"
"756713","2"
"756755","3"
"757211","4"
"757408","4"
"757468","4"
"757497","3"
"757824","4"
"758001","4"
"758030","3"
"758301","4"
"758344","4"
"758519","4"
"758642","4"
"758981","1"
"759004","4"
"759006","5"
"759655","4"
"759658","5"
"759764","4"
"759859","1"
"760064","1"
"760218","4"
"760236","3"
"760247","3"
"760475","5"
"760536","1"
"760812","4"
"761213","2"
"761279","4"
"761424","5"
"762661","4"
"763181","1"
"763346","1"
"763789","4"
"763906","1"
"763937","1"
"763966","1"
"764384","1"
"764393","5"
"764396","1"
"764503","1"
"764555","1"
"765543","4"
"765585","5"
"765644","5"
"765684","2"
"765704","2"
"766202","2"
"766295","4"
"766313","2"
"766849","4"
"767095","5"
"767516","2"
"767528","5"
"767548","5"
"767550","5"
"767608","6"
"767695","1"
"767945","3"
"768069","2"
"768168","1"
"768443","1"
"768705","4"
"768910","5"
"769062","1"
"769135","1"
"769366","3"
"769675","2"
"769699","1"
"770162","3"
"770181","4"
"770217","4"
"770221","1"
"770311","5"
"770317","4"
"770609","4"
"770779","2"
"770854","4"
"770891","4"
"770938","2"
"770962","1"
"771000","4"
"771054","4"
"771322","4"
"771399","4"
"771434","1"
"771472","1"
"771580","1"
"771626","2"
"771729","5"
"771865","4"
"771892","1"
"771941","4"
"771956","1"
"771960","4"
"772195","1"
"772306","3"
"772353","1"
"772499","1"
"772710","3"
"773282","5"
"773785","1"
"773800","1"
"773808","1"
"773937","1"
"774185","3"
"774212","5"
"774235","4"
"774272","4"
"774284","6"
"774643","1"
"774683","4"
"775308","2"
"775434","5"
"775713","5"
"776050","3"
"776091","3"
"776273","4"
"776281","1"
"776553","5"
"776624","1"
"776636","1"
"776878","3"
"776942","1"
"777024","3"
"777032","1"
"777055","1"
"777088","5"
"777175","1"
"777202","1"
"777214","4"
"777287","1"
"777295","4"
"777301","1"
"777410","5"
"777505","5"
"777509","3"
"777552","1"
"777588","3"
"777593","1"
"777758","2"
"777913","1"
"777918","1"
"777928","5"
"778098","1"
"778195","1"
"778242","5"
"778271","1"
"778275","2"
"778297","1"
"778306","5"
"778433","3"
"778444","1"
"778470","1"
"778579","1"
"778583","1"
"779101","1"
"779244","2"
"779497","2"
"779679","3"
"779750","1"
"779766","2"
"779848","4"
"779991","3"
"780356","5"
"780536","5"
"781249","2"
"782121","1"
"782178","1"
"782433","5"
"782565","5"
"782631","5"
"783895","2"
"784117","3"
"784552","1"
"784654","1"
"784771","4"
"784848","1"
"785263","1"
"785294","1"
"785409","4"
"785457","1"
"785465","1"
"785754","4"
"785905","1"
"785907","5"
"785926","2"
"786240","4"
"786528","4"
"786585","2"
"786690","4"
"786722","1"
"786942","5"
"787657","5"
"788596","1"
"788705","4"
"788761","3"
"788854","1"
"790097","1"
"791312","2"
"791609","2"
"791665","2"
"791745","3"
"791836","2"
"791859","5"
"792164","3"
"792337","3"
"792504","4"
"792836","1"
"793329","5"
"793504","6"
"793764","5"
"794324","6"
"794746","5"
"795084","4"
"795117","4"
"795186","6"
"795492","3"
"795656","3"
"795691","5"
"795946","1"
"796012","1"
"796852","2"
"797506","1"
"797701","4"
"797709","2"
"797761","2"
"797788","4"
"798074","4"
"798104","1"
"798511","1"
"798708","2"
"799094","1"
"799177","4"
"799197","6"
"799244","3"
"799644","2"
"800458","1"
"800685","2"
"800945","2"
"801070","4"
"801088","2"
"801340","1"
"801387","3"
"801474","1"
"801560","4"
"801618","5"
"801664","2"
"801871","5"
"802078","1"
"802083","2"
"802116","1"
"802119","6"
"802455","1"
"802458","4"
"802648","3"
"802729","2"
"802925","4"
"802951","1"
"803429","4"
"803458","4"
"803485","1"
"803487","4"
"803488","4"
"804185","4"
"804257","1"
"804852","3"
"804854","3"
"804877","3"
"805017","5"
"805029","3"
"805255","5"
"805299","3"
"806364","5"
"806806","1"
"806878","4"
"807289","5"
"807406","2"
"807651","3"
"807875","3"
"808138","3"
"808202","3"
"808213","3"
"808423","4"
"808574","5"
"808651","1"
"809052","3"
"809475","3"
"809530","4"
"809652","1"
"809723","4"
"809771","5"
"810128","1"
"810250","1"
"810508","3"
"810669","4"
"810730","2"
"810885","5"
"810922","2"
"810948","3"
"811009","1"
"811017","3"
"811027","1"
"811088","3"
"812579","2"
"812867","2"
"812882","2"
"813165","1"
"813328","5"
"813417","1"
"813947","5"
"813986","5"
"814270","1"
"814683","3"
"814925","1"
"815279","1"
"815778","3"
"815787","5"
"815843","2"
"815878","3"
"815923","5"
"816058","5"
"816076","5"
"816108","3"
"816152","5"
"816810","1"
"816886","5"
"816900","2"
"817221","1"
"817235","3"
"817297","6"
"817488","1"
"817720","5"
"817914","5"
"818020","5"
"818481","3"
"818755","5"
"818814","2"
"819559","3"
"819622","3"
"819699","4"
"819765","5"
"820097","3"
"820201","3"
"820530","5"
"820702","5"
"821049","2"
"821097","3"
"822617","3"
"822737","4"
"822814","4"
"823041","1"
"823092","4"
"823391","3"
"823785","4"
"823852","3"
"824234","2"
"824386","3"
"824508","3"
"824520","5"
"824659","4"
"824693","4"
"824868","4"
"824904","3"
"824979","3"
"825034","4"
"825618","6"
"825624","5"
"825631","3"
"825665","3"
"825923","1"
"826110","1"
"826116","2"
"826201","1"
"826222","4"
"826342","1"
"826531","4"
"826679","2"
"826835","2"
"826995","1"
"827161","1"
"827528","3"
"827586","3"
"827784","4"
"828238","3"
"828281","1"
"828734","4"
"828817","2"
"828895","3"
"828898","5"
"829011","5"
"829060","4"
"829110","3"
"829164","4"
"829498","3"
"829535","3"
"829610","3"
"830087","4"
"830584","3"
"830948","5"
"830954","5"
"831041","1"
"831076","5"
"831114","1"
"831128","3"
"831242","4"
"831353","2"
"831416","2"
"831767","4"
"831780","1"
"832595","2"
"832910","4"
"833309","2"
"833349","2"
"833370","1"
"833393","5"
"833432","4"
"833450","1"
"833468","5"
"833672","3"
"833897","5"
"833996","1"
"834241","3"
"834268","1"
"834612","4"
"834877","2"
"835018","4"
"835044","4"
"835051","4"
"835088","4"
"835203","2"
"835307","6"
"835348","3"
"835408","5"
"836166","1"
"836271","5"
"836668","2"
"836831","1"
"836856","6"
"836870","5"
"837295","2"
"837436","2"
"837514","4"
"837694","1"
"837782","2"
"837957","3"
"838008","4"
"838025","2"
"838173","1"
"838258","4"
"838551","3"
"839252","3"
"839325","5"
"839426","2"
"839483","2"
"839494","2"
"839702","3"
"840438","2"
"840665","5"
"840767","5"
"840800","4"
"840805","5"
"841084","1"
"841258","3"
"841273","3"
"841324","1"
"841421","1"
"841628","1"
"841663","1"
"841788","4"
"841827","1"
"841828","1"
"841835","1"
"841874","1"
"842241","1"
"842482","3"
"842629","3"
"842647","2"
"842946","4"
"842964","5"
"843089","3"
"843123","4"
"843160","1"
"843254","3"
"843353","4"
"843836","3"
"844244","3"
"844350","2"
"844361","3"
"844371","2"
"844592","1"
"844663","3"
"844709","4"
"845047","3"
"845554","1"
"846137","5"
"846407","5"
"846691","1"
"846746","6"
"846777","5"
"847104","5"
"847231","1"
"847318","1"
"847426","5"
"847456","3"
"847595","5"
"847726","2"
"848057","3"
"848171","4"
"848207","5"
"848307","1"
"848481","4"
"848837","1"
"848858","5"
"848880","4"
"849579","2"
"849719","2"
"849823","4"
"849960","3"
"849963","6"
"850349","4"
"850406","3"
"850454","2"
"850700","3"
"851061","3"
"851078","1"
"851171","1"
"851185","1"
"851287","3"
"851361","5"
"851605","5"
"851721","4"
"851896","5"
"851924","1"
"852337","5"
"852915","5"
"853113","5"
"853149","2"
"853251","2"
"853789","2"
"853823","1"
"853856","3"
"853930","3"
"853931","3"
"853942","3"
"854078","3"
"854445","2"
"854466","2"
"854530","6"
"854578","4"
"855246","4"
"855458","3"
"855683","1"
"855843","3"
"855872","1"
"856393","1"
"857089","5"
"857132","5"
"857145","2"
"857290","2"
"857364","3"
"857440","4"
"857521","2"
"857651","4"
"857895","4"
"858165","4"
"859067","5"
"859136","3"
"859668","4"
"859775","2"
"860163","2"
"860170","2"
"860308","2"
"860516","2"
"860645","1"
"860916","2"
"861043","2"
"861046","2"
"861102","2"
"861187","2"
"861251","2"
"861325","2"
"861333","2"
"861545","4"
"861720","5"
"861755","5"
"861975","5"
"862046","5"
"862177","5"
"862334","5"
"862373","1"
"862489","5"
"862499","1"
"862536","1"
"862630","4"
"862643","3"
"863126","5"
"863196","4"
"863367","3"
"863608","3"
"863755","3"
"863759","2"
"863873","1"
"863941","4"
"864074","6"
"864184","5"
"864987","3"
"865009","3"
"865240","6"
"865566","1"
"865621","1"
"865712","1"
"866295","5"
"866381","2"
"867054","1"
"867124","2"
"867427","3"
"869481","3"
"869696","5"
"869842","3"
"869976","4"
"870084","3"
"870110","3"
"870709","1"
"870904","3"
"871581","5"
"871817","4"
"871873","3"
"872152","2"
"872305","6"
"872548","2"
"872656","2"
"872673","2"
"872802","2"
"872952","4"
"873393","4"
"873712","4"
"873725","2"
"873774","4"
"873806","4"
"873834","4"
"873857","6"
"874063","4"
"874303","4"
"874306","2"
"874759","3"
"875088","3"
"875255","4"
"875340","4"
"875738","1"
"875807","1"
"875938","6"
"875984","1"
"876677","4"
"876846","5"
"876906","3"
"876910","3"
"877244","3"
"877578","3"
"878343","3"
"878528","3"
"878555","2"
"878932","3"
"879069","3"
"879274","1"
"879649","1"
"879990","3"
"880178","4"
"880317","4"
"880430","1"
"880465","2"
"880621","3"
"881110","5"
"881156","5"
"881229","1"
"881341","1"
"881396","1"
"881450","3"
"881476","6"
"881555","5"
"881695","5"
"881879","3"
"881890","5"
"882222","5"
"882291","1"
"882385","1"
"882709","5"
"882866","1"
"883133","1"
"883340","1"
"883884","5"
"885560","5"
"885670","1"
"885737","1"
"886161","5"
"886538","2"
"886558","1"
"886626","3"
"886786","2"
"886882","3"
"886899","6"
"886907","2"
"886986","6"
"887238","3"
"887532","1"
"887683","3"
"887703","3"
"888053","2"
"888283","3"
"888286","4"
"888815","3"
"889330","1"
"889441","4"
"889463","1"
"889554","2"
"889658","5"
"889680","2"
"890547","4"
"890940","3"
"891142","4"
"891536","4"
"891540","4"
"891673","4"
"891826","1"
"891977","3"
"892000","2"
"892202","4"
"892353","1"
"892434","5"
"892523","5"
"892656","4"
"892919","2"
"893034","2"
"893127","4"
"893387","1"
"893921","1"
"894232","1"
"894233","1"
"894452","1"
"894550","4"
"894598","4"
"894696","5"
"894762","2"
"894775","2"
"894778","4"
"894825","3"
"894914","6"
"895535","3"
"896039","5"
"896142","5"
"896199","4"
"896235","6"
"896739","6"
"896820","5"
"896956","2"
"897096","5"
"897391","2"
"897611","5"
"897941","6"
"898038","1"
"898103","4"
"898437","4"
"898586","5"
"899075","1"
"899090","1"
"899094","1"
"899172","5"
"899505","5"
"899615","1"
"899740","2"
"900062","5"
"900086","2"
"900320","1"
"900442","4"
"900520","1"
"900849","5"
"901151","5"
"901279","1"
"901299","6"
"901521","3"
"901650","1"
"902010","3"
"902116","1"
"902304","1"
"902314","1"
"902401","1"
"902419","1"
"902495","1"
"902513","3"
"902647","5"
"902731","1"
"903213","5"
"904007","2"
"904061","2"
"904572","1"
"904573","1"
"904579","2"
"904583","3"
"904635","2"
"904664","5"
"904931","5"
"905291","3"
"905535","1"
"905656","3"
"905724","5"
"906020","5"
"906030","6"
"906067","4"
"906299","6"
"906643","6"
"906731","2"
"906829","2"
"907546","3"
"907697","2"
"907725","2"
"907796","4"
"907866","4"
"908150","2"
"908544","1"
"908732","5"
"908916","4"
"909155","4"
"909163","4"
"909189","1"
"909225","5"
"909297","4"
"909675","4"
"909828","6"
"909846","3"
"909974","3"
"910001","4"
"910043","3"
"910060","3"
"910310","3"
"910315","5"
"910374","3"
"910668","3"
"910950","2"
"911043","2"
"911083","4"
"911129","4"
"911197","5"
"911528","6"
"911542","6"
"911545","2"
"911747","5"
"911882","4"
"911915","2"
"911990","3"
"911997","3"
"912171","4"
"912429","1"
"912552","2"
"912650","1"
"912797","1"
"912798","1"
"912809","5"
"912819","3"
"913094","5"
"913133","3"
"913291","5"
"913335","6"
"913373","6"
"913387","1"
"913574","3"
"913625","2"
"913793","6"
"913931","4"
"913988","4"
"914128","2"
"914152","2"
"914248","2"
"914301","6"
"914319","6"
"914321","2"
"915129","6"
"915141","6"
"915191","3"
"915399","6"
"915660","5"
"915727","4"
"915749","3"
"916099","4"
"916448","3"
"916480","6"
"916759","6"
"916843","2"
"916925","4"
"916980","4"
"916988","1"
"917015","1"
"917051","1"
"917108","1"
"917287","1"
"917290","3"
"917319","1"
"917324","1"
"917349","1"
"917360","4"
"917363","4"
"917447","1"
"917803","3"
"917815","3"
"918370","2"
"918387","3"
"918485","1"
"918947","5"
"919056","1"
"919094","4"
"919158","5"
"919182","2"
"919301","4"
"919681","4"
"919682","4"
"919935","1"
"919954","4"
"919993","3"
"920038","4"
"920318","4"
"920325","2"
"920450","3"
"921063","4"
"921177","2"
"921262","4"
"921266","2"
"921280","3"
"921347","4"
"921349","3"
"921390","4"
"921467","3"
"921662","2"
"922258","6"
"922292","2"
"922344","1"
"922522","6"
"922769","5"
"923050","1"
"923103","2"
"923435","1"
"923574","6"
"923700","3"
"923702","2"
"923811","4"
"923845","4"
"924113","5"
"924573","4"
"924600","2"
"924680","2"
"924682","4"
"925134","5"
"925147","1"
"925187","3"
"925200","3"
"925775","6"
"925824","3"
"925855","3"
"925872","3"
"925914","3"
"925935","6"
"926356","1"
"926550","5"
"926595","5"
"926725","6"
"926739","2"
"926858","3"
"926972","5"
"926987","2"
"927034","5"
"927061","4"
"927383","1"
"927459","3"
"927486","5"
"927606","4"
"927718","2"
"927725","2"
"927917","5"
"928097","2"
"928270","4"
"928316","4"
"928798","2"
"929184","3"
"929297","1"
"929308","3"
"929620","3"
"930194","4"
"930257","4"
"930651","5"
"930698","2"
"930858","3"
"930904","2"
"930959","5"
"931012","4"
"931076","1"
"931092","2"
"931249","4"
"931489","4"
"931878","1"
"931929","5"
"931930","1"
"932028","3"
"932461","6"
"932623","4"
"933120","4"
"933139","5"
"933192","5"
"933877","4"
"933909","4"
"934198","4"
"934364","3"
"934566","2"
"934722","3"
"934995","4"
"935109","3"
"935329","3"
"935421","6"
"935448","1"
"935487","3"
"935641","1"
"935646","5"
"935973","1"
"936154","5"
"936788","2"
"936850","5"
"937312","5"
"937360","5"
"937605","3"
"937696","1"
"937824","1"
"937962","5"
"938048","3"
"938152","1"
"938234","3"
"938343","3"
"938393","1"
"938443","5"
"938480","3"
"938547","2"
"938557","1"
"938569","1"
"939475","5"
"940071","2"
"940429","1"
"940513","5"
"940665","5"
"941110","2"
"941129","1"
"941340","1"
"941401","4"
"941435","1"
"941495","2"
"941514","4"
"941531","4"
"941565","1"
"941631","5"
"941710","4"
"941810","2"
"942018","1"
"942171","1"
"942240","1"
"942251","3"
"942267","1"
"942605","3"
"942940","5"
"943029","5"
"943327","1"
"943340","5"
"943421","2"
"943608","1"
"943783","2"
"943787","5"
"943847","3"
"944280","4"
"944471","1"
"944492","1"
"944536","1"
"944650","5"
"944862","6"
"945567","2"
"945601","4"
"945768","3"
"945942","4"
"946126","6"
"946766","1"
"946840","5"
"947008","4"
"947766","1"
"947882","5"
"947939","2"
"947940","1"
"948046","4"
"948271","1"
"948843","4"
"948930","2"
"949055","1"
"949119","1"
"949149","1"
"949509","2"
"949625","4"
"950245","2"
"950357","5"
"950528","3"
"950600","5"
"950666","2"
"950689","3"
"950736","2"
"950746","3"
"950880","4"
"951010","2"
"951078","2"
"951352","4"
"951588","5"
"951752","3"
"952171","5"
"952377","2"
"952449","1"
"952940","5"
"952960","1"
"953097","1"
"953125","3"
"953147","4"
"953625","2"
"953717","4"
"953794","1"
"953863","1"
"953944","6"
"954101","1"
"954239","4"
"954540","5"
"954828","4"
"954977","4"
"955431","4"
"955475","4"
"955483","4"
"955765","1"
"956265","2"
"956333","4"
"956489","4"
"956554","4"
"956585","5"
"956615","5"
"957260","2"
"957447","2"
"957462","5"
"957556","2"
"957560","3"
"957618","4"
"957936","5"